Workbook

Sheet How to Use
A1: 249Souq — Social Media Post Tracker
A3: How to use this file:
A4: 1. Every time you post on Instagram or Facebook (feed post, Reel, or Story), add one row to the 'Post Tracker' sheet.
A5: 2. Pull the numbers from Meta Business Suite -> Insights -> click the post -> 'View Insights'.
A6: For Reels in the Instagram app: open the Reel -> tap 'View Insights' under it.
A7: 3. Yellow cells are the ones you fill in manually. Everything else calculates itself.
A8: 4. Log numbers on the same day if possible, then again after 7 days (numbers settle after the first week).
A10: What each column means:
A11: Reach = unique accounts that saw the post.
A12: Plays = total times a Reel was played (can be higher than Reach if people rewatch it).
A13: Avg Watch % = average watch time shown in Insights, as a percentage of the Reel's length.
A14: Follows Gained = shown in Reel Insights under 'Accounts reached' -> scroll to 'Follows'. This is your real growth number.
... A17: One example row is filled in on the Post Tracker sheet (light grey) to show the expected format - delete it whenever you like.

Sheet Post Tracker
A1: Date | B1: Platform | C1: Content Type | D1: Content Pillar | E1: Topic / Caption (short) | F1: Reach | G1: Plays (Reels only) | H1: Avg Watch % | I1: Likes | J1: Comments | K1: Shares | L1: Saves | M1: Follows Gained | N1: Engagement Rate | O1: Notes
A2: 2026-09-11 | B2: Instagram | C2: Reel | D2: Follow-engine | E2: About-us carousel/Reel | F2: 420 | G2: 610 | H2: 38% | I2: 34 | J2: 6 | K2: 9 | L2: 12 | M2: 3 | N2: =IFERROR((I2+J2+K2+L2)/F2,"") -> 0.1452381 | O2: First 'about us' Reel post-launch
A3: 2026-09-07 | B3: Facebook | C3: Photo/Story | D3: Admin/Page setup | E3: 249souq.com added a new photo. | F3: 69 | I3: 3 | J3: 0 | K3: 0 | N3: =IFERROR((I3+J3+K3+L3)/F3,"") -> 0.043478261 | O3: FB page post. Total clicks=0
A4: 2026-09-07 | B4: Facebook | C4: Photo/Story | D4: Admin/Page setup | E4: 249souq.com updated their profile picture. | F4: 75 | I4: 4 | J4: 1 | K4: 0 | N4: =IFERROR((I4+J4+K4+L4)/F4,"") -> 0.066666667 | O4: FB page post. Total clicks=2
A5: 2026-09-09 | B5: Facebook | C5: Photo/Story | D5: Admin/Page setup | E5: 249souq.com updated their cover photo. | F5: 2 | I5: 4 | J5: 0 | K5: 0 | N5: =IFERROR((I5+J5+K5+L5)/F5,"") -> 2 | O5: FB page post. Total clicks=0
A6: 2026-09-09 | B6: Facebook | C6: Photo/Story | D6: Product launch | E6: بخور "عبق الصندل" من 249Souq "ريحة البيت، وين... | F6: 428 | I6: 28 | J6: 13 | K6: 5 | N6: =IFERROR((I6+J6+K6+L6)/F6,"") -> 0.10747664 | O6: FB page post. Total clicks=100; Link clicks to site=1
A7: 2026-09-10 | B7: Facebook | C7: Photo/Story | D7: Product launch | E7: طيب… شنو هو 249Souq؟ السؤال دا جانا من أكتر... | F7: 65 | I7: 4 | J7: 0 | K7: 1 | N7: =IFERROR((I7+J7+K7+L7)/F7,"") -> 0.076923077 | O7: FB page post. Total clicks=3
A8: 2026-09-11 | B8: Facebook | C8: Reel | D8: Product launch | E8: Reel w/ hashtags (#249souq #بخور_سوداني #sudanesecult...) | F8: 341 | G8: 357 | I8: 2 | J8: 0 | K8: 0 | N8: =IFERROR((I8+J8+K8+L8)/F8,"") -> 0.0058651026 | O8: FB page post. Total clicks=0; Avg watch=3.098s of 13s
A9: 2026-09-11 | B9: Facebook | C9: Reel | D9: Product launch | E9: Reel w/ hashtags (#249souq #دعم_المشاريع_السودانية #ب...) | F9: 389 | G9: 372 | I9: 5 | J9: 0 | K9: 0 | N9: =IFERROR((I9+J9+K9+L9)/F9,"") -> 0.01285347 | O9: FB page post. Total clicks=0; Avg watch=2.894s of 23s
A10: 2026-09-11 | B10: Facebook | C10: Reel | D10: Community | E10: Reel (no caption entered) | F10: 226 | G10: 235 | I10: 1 | J10: 0 | K10: 0 | N10: =IFERROR((I10+J10+K10+L10)/F10,"") -> 0.0044247788 | O10: FB page post. Total clicks=0; Avg watch=2.485s of 22s
A11: 2026-09-11 | B11: Facebook | C11: Reel | D11: Community | E11: Reel (no caption entered) | F11: 210 | G11: 227 | I11: 5 | J11: 1 | K11: 1 | N11: =IFERROR((I11+J11+K11+L11)/F11,"") -> 0.033333333 | O11: FB page post. Total clicks=2; Avg watch=5.007s of 22s
N12: =IFERROR((I12+J12+K12+L12)/F12,"")
N13: =IFERROR((I13+J13+K13+L13)/F13,"")
N14: =IFERROR((I14+J14+K14+L14)/F14,"")
N15: =IFERROR((I15+J15+K15+L15)/F15,"")
N16: =IFERROR((I16+J16+K16+L16)/F16,"")
N17: =IFERROR((I17+J17+K17+L17)/F17,"")
N18: =IFERROR((I18+J18+K18+L18)/F18,"")
N19: =IFERROR((I19+J19+K19+L19)/F19,"")
N20: =IFERROR((I20+J20+K20+L20)/F20,"")
N21: =IFERROR((I21+J21+K21+L21)/F21,"")
N22: =IFERROR((I22+J22+K22+L22)/F22,"")
N23: =IFERROR((I23+J23+K23+L23)/F23,"")
... N42: =IFERROR((I42+J42+K42+L42)/F42,"")

Sheet Summary
A1: Quick Summary (auto-calculates from Post Tracker)
A3: Total posts logged | B3: =COUNTA('Post Tracker'!A3:A42) -> 9
A4: Total Reach (all posts) | B4: =SUM('Post Tracker'!F3:F42) -> 1805
A5: Total Follows Gained | B5: =SUM('Post Tracker'!M3:M42) -> 0
A6: Average Engagement Rate | B6: =IFERROR(AVERAGE('Post Tracker'!N3:N42),"") -> 0.26122459
A7: Best single post (highest Follows Gained) | B7: =IFERROR(INDEX('Post Tracker'!E3:E42,MATCH(MAX('Post Tracker'!M3:M42),'Post Tracker'!M3:M42,0)),"")
